Workbook

Sheet Tong_quan
A1: KIỂM SOÁT CHUẨN HÓA DỮ LIỆU KHO ↔ DANH MỤC WEB
A2: Nguồn: KhoT5.xlsx + data.xlsx | Đồng bộ với dữ liệu extension hiện tại
A4: TỔNG MÃ KHO | C4: ĐÃ XÁC NHẬN | E4: CẦN DUYỆT | G4: CHƯA KHỚP
A5: =COUNTA('Anh_xa_Kho_Web'!$B$5:$B$57) -> 53 | C5: =COUNTIF('Anh_xa_Kho_Web'!$N$5:$N$57,"confirmed") -> 25 | E5: =COUNTIF('Anh_xa_Kho_Web'!$N$5:$N$57,"review") -> 22 | G5: =COUNTIF('Anh_xa_Kho_Web'!$N$5:$N$57,"unmatched") -> 6
A7: ĐỦ ĐIỀU KIỆN BÁN | C7: MÃ WEB BỊ DÙNG CHUNG | E7: CHÊNH GIÁ KHO/WEB | G7: TỔNG MÃ WEB
A8: =COUNTIF('Anh_xa_Kho_Web'!$P$5:$P$57,"Đủ điều kiện") -> 23 | C8: 8 | E8: =COUNTIF('Anh_xa_Kho_Web'!$M$5:$M$57,"<>0") -> 9 | G8: =COUNTA('Danh_muc_Web'!$B$5:$B$147) -> 143
A10: Trạng thái | B10: Số lượng | C10: Ý nghĩa kiểm soát
A11: confirmed | B11: 25 | C11: Được đưa vào bộ giải nếu còn tồn và dữ liệu web hợp lệ
A12: review | B12: 22 | C12: Cần kế toán xác nhận lại mã/tên/giá trước khi dùng
A13: unmatched | B13: 6 | C13: Không được phép đưa vào hóa đơn
A15: Quy trình sử dụng
A16: 1. Lọc sheet Cần_xử_lý → kiểm tra các dòng đỏ/vàng. 2. Cập nhật cột Quyết định kiểm soát và ghi chú tại sheet Ánh_xạ_Kho_Web. 3. Chỉ xác nhận khi mã web, tên, đơn vị, giá và tồn đều hợp lệ. 4. Dùng file đã rà soát làm nguồn nhập lại extension.

Sheet Anh_xa_Kho_Web
A1: BẢNG ÁNH XẠ KHO ↔ WEB
A2: Các cột xanh nhạt là dữ liệu nguồn; cột Quyết định/Mã web sau duyệt/Ghi chú dành cho người kiểm soát.
A4: STT | B4: Mã kho | C4: Tên kho | D4: ĐVT kho | E4: SL kho | F4: Quy đổi | G4: Tồn bán | H4: Giá bán kho | I4: Mã web | J4: Tên web | K4: ĐVT web | L4: Giá web | M4: Chênh giá | N4: Trạng thái | O4: Tin cậy | P4: Kiểm tra tự động | Q4: Quyết định kiểm soát | R4: Mã web sau duyệt | S4: Ghi chú kế toán | T4: Gợi ý hệ thống
A5: 1 | B5: BANHSNACK | C5: Bánh snack bắp 40g Vfoods | D5: Gói | E5: 20 | F5: 1 | G5: 20 | H5: 30000 | I5: 1000047 | J5: Bánh snack bắp 40g Vfoods | K5: gói | L5: 60000 | M5: =L5-H5 -> 30000 | N5: review | O5: 0.75 | P5: Ánh xạ chưa được xác nhận; Giá kho và giá web khác nhau | Q5: CẦN SỬA | R5: 1000047 | T5: 1000047 - Bánh snack bắp 40g Vfoods (75.0) | 1000040 - DOSI Snack Quẩy Xoắn (65.3) | 1000060 - Bánh que đỏ Stick Biscuit 55 gram (59.0)
A6: 2 | B6: TLTHANGLONGTH | C6: Thuốc lá điếu Thăng Long hộp thiếc | D6: Bao | E6: 20 | F6: 1 | G6: 20 | H6: 80000 | I6: 1400007 | J6: THUỐC LÁ 555 | K6: bao | L6: 80000 | M6: =L6-H6 -> 0 | N6: review | O6: 0.929 | P6: Ánh xạ chưa được xác nhận | Q6: CẦN SỬA | R6: 1400007 | T6: 1400007 - THUỐC LÁ 555 (92.9) | 1400010 - Thuốc Lá Vinataba cứng mới ba (57.8) | 1400008 - THUOC LA MAN (49.3)
A7: 3 | B7: changacay80g | C7: Chân gà cay 80g | D7: Gói | E7: 22 | F7: 1 | G7: 22 | H7: 55000 | I7: 1000007 | J7: CHÂN GÀ - CAY | K7: gói | L7: 55000 | M7: =L7-H7 -> 0 | N7: confirmed | O7: 0.929 | P7: Đủ điều kiện | Q7: GIỮ NGUYÊN | R7: 1000007 | T7: 1000007 - CHÂN GÀ - CAY (92.9) | 1000015 - KHÔ GÀ (61.2) | 1000034 - Bánh xốp classic 45g (58.5)
A8: 4 | B8: DECUOI70 | C8: Hạt dẻ cười 70 gram | D8: Gói | E8: 47 | F8: 1 | G8: 47 | H8: 65000 | I8: 1000010 | J8: HẠT DẺ | K8: gói | L8: 65000 | M8: =L8-H8 -> 0 | N8: review | O8: 0.929 | P8: Ánh xạ chưa được xác nhận | Q8: CẦN SỬA | R8: 1000010 | T8: 1000010 - HẠT DẺ (92.9) | 1000011 - HẠT ĐIỀU (69.6) | 1100005 - Hắc sâm (56.8)
A9: 5 | B9: IONVIE500 | C9: Nước uống ion kiềm IONVie, 500ml * 20 chai | D9: Thùng | E9: 48.95 | F9: 20 | G9: 979 | H9: 25000 | I9: 1100029 | J9: Nước uống ion kiềm IONVie, 500ml | K9: chai | L9: 25000 | M9: =L9-H9 -> 0 | N9: review | O9: 0.982 | P9: Ánh xạ chưa được xác nhận | Q9: CẦN SỬA | R9: 1100029 | T9: 1100029 - Nước uống ion kiềm IONVie, 500ml (98.2) | 1100028 - Nước uống ion kiềm IONVie, 350ml (59.9) | 1100015 - Trà thảo mộc Wanglaoji 310ml (50.8)
A10: 6 | B10: XXPONNIE | C10: Xúc xích tiệt trùng Ponnie Thịt phô mai 4hộp x 12cây x 45gr | D10: Hộp | E10: 50 | F10: 12 | G10: 600 | H10: 15000 | I10: 1000029 | J10: Xúc xích tiệt trùng | K10: Cây | L10: 15000 | M10: =L10-H10 -> 0 | N10: confirmed | O10: 0.809 | P10: Đủ điều kiện | Q10: GIỮ NGUYÊN | R10: 1000029 | T10: 1000029 - Xúc xích tiệt trùng (80.9) | 1000023 - Bim bim khoai tây Lay's (52.3) | 1000053 - Lay's Wavy vi Pho Mai Cheddar 28g 16x10 (51.7)
A11: 7 | B11: tratac | C11: Trà tắc mật ong (Nhãn hiệu Cozy) (Tết 320ml) | D11: Lon | E11: 57 | F11: 1 | G11: 57 | H11: 40000 | I11: 1100030 | J11: Trà đào sả (Nhãn hiệu Cozy) (320ml) | K11: Lon | L11: 40000 | M11: =L11-H11 -> 0 | N11: review | O11: 0.877 | P11: Ánh xạ chưa được xác nhận | Q11: CẦN SỬA | R11: 1100030 | T11: 1100030 - Trà đào sả (Nhãn hiệu Cozy) (320ml) (87.7) | 1000049 - Đậu mix hạt tổng hợp Cam Nguyên 56 gam (47.3) | 1000025 - Bánh quy que (45.3)
A12: 8 | B12: Hotdog Ponnie | C12: Hotdog Ponnie giòn ăn liền vị cay 4hộp x 20gói x 28gr | D12: Hộp | E12: 58.2 | F12: 20 | G12: 1164 | H12: 15000 | I12: 1000053 | J12: Lay's Wavy vi Pho Mai Cheddar 28g 16x10 | K12: gói | L12: 15000 | M12: =L12-H12 -> 0 | N12: unmatched | O12: 0.58 | P12: Ánh xạ chưa được xác nhận | Q12: CẦN SỬA | R12: 1000053 | T12: 1000053 - Lay's Wavy vi Pho Mai Cheddar 28g 16x10 (58.0) | 1100028 - Nước uống ion kiềm IONVie, 350ml (53.5) | 1000051 - Lay's vi Than Bo Nuong Texas 30G 16X10 (51.9)
A13: 9 | B13: TraWanglaoji | C13: Trà thảo mộc Wanglaoji 310ml/lon, 24 lon/ thùng | D13: Thùng | E13: 62.17 | F13: 24 | G13: 1492 | H13: 25000 | I13: 1100015 | J13: Trà thảo mộc Wanglaoji 310ml | K13: Lon | L13: 25000 | M13: =L13-H13 -> 0 | N13: confirmed | O13: 0.982 | P13: Đủ điều kiện | Q13: GIỮ NGUYÊN | R13: 1100015 | T13: 1100015 - Trà thảo mộc Wanglaoji 310ml (98.2) | 1100029 - Nước uống ion kiềm IONVie, 500ml (52.0) | 1100025 - Thức uống bổ sung ION POCARI SWEAT chai 350ML (42.1)
A14: 10 | B14: LAVIE500TH | C14: Lavie 500ml | D14: Thùng | E14: 62.99 | F14: 24 | G14: 1511 | H14: 25000 | I14: 1100029 | J14: Nước uống ion kiềm IONVie, 500ml | K14: chai | L14: 25000 | M14: =L14-H14 -> 0 | N14: review | O14: 0.669 | P14: Ánh xạ chưa được xác nhận | Q14: CẦN SỬA | R14: 1100029 | T14: 1100029 - Nước uống ion kiềm IONVie, 500ml (66.9) | 1100015 - Trà thảo mộc Wanglaoji 310ml (56.0) | 1100016 - Wewell Sâm Fansipan lon 200ml (44.6)
A15: 11 | B15: IONVIE350 | C15: Nước uống ion kiềm IONVie, 350ml * 24 chai | D15: Thùng | E15: 64.01 | F15: 24 | G15: 1536 | H15: 15000 | I15: 1100028 | J15: Nước uống ion kiềm IONVie, 350ml | K15: chai | L15: 15000 | M15: =L15-H15 -> 0 | N15: confirmed | O15: 0.982 | P15: Đủ điều kiện | Q15: GIỮ NGUYÊN | R15: 1100028 | T15: 1100028 - Nước uống ion kiềm IONVie, 350ml (98.2) | 1100027 - Nước ION kiềm OFAN 350ml (82.9) | 1100017 - Nước suối Lavie 350ml (73.9)
A16: 12 | B16: TLBM | C16: Thăng Long B.M | D16: Bao | E16: 66 | F16: 1 | G16: 66 | H16: 50000 | I16: 1000019 | J16: RONG BIỂN 1 | K16: gói | L16: 50000 | M16: =L16-H16 -> 0 | N16: unmatched | O16: 0.553 | P16: Ánh xạ chưa được xác nhận | Q16: CẦN SỬA | R16: 1000019 | T16: 1000019 - RONG BIỂN 1 (55.3) | 1400010 - Thuốc Lá Vinataba cứng mới ba (50.0) | 1600009 - TRÀ GỪNG (48.6)
... A54: 50 | B54: BIASAIGONSL | C54: Bia chai Saigon Special 330ml | D54: Két | E54: 3848.13 | F54: 24 | G54: 92355 | H54: 30000 | I54: 1100018 | J54: Bia chai Saigon Special 330ml | K54: chai | L54: 30000 | M54: =L54-H54 -> 0 | N54: confirmed | O54: 0.88 | P54: Đủ điều kiện | Q54: GIỮ NGUYÊN | R54: 1100018 | T54: 1100018 - Bia chai Saigon Special 330ml (88.0) | 1100023 - Bia Hà Nội (48.3) | 1100026 - NƯỚC STC VQUẤT THTRUEJUICEMILK 300MLX24 (47.2)
A55: 51 | B55: TC | C55: Hoa quả thập cẩm | E55: 0 | F55: 1 | G55: 0 | H55: 350000 | I55: 1500006 | J55: HOA QUẢ THẬP CẨM (Đĩa nhỏ) | K55: đĩa | L55: 350000 | M55: =L55-H55 -> 0 | N55: confirmed | O55: 0.809 | P55: Hết tồn khả dụng | Q55: CẦN SỬA | R55: 1500006 | S55: Ngoại lệ kế toán: tối đa một đĩa hoa quả thập cẩm (nhỏ hoặc to) trên mỗi hóa đơn. | T55: 1500006 - HOA QUẢ THẬP CẨM (Đĩa nhỏ) (80.9) | 1500003 - HOA QUẢ CHÔM CHÔM (69.7) | 1500007 - HOA QUẢ THẬP CẨM (ĐĨA TO) (67.1)
A56: 52 | B56: TCTO | C56: Hoa quả thập cẩm (to) | E56: 0 | F56: 1 | G56: 0 | H56: 450000 | I56: 1500007 | J56: HOA QUẢ THẬP CẨM (ĐĨA TO) | K56: đĩa | L56: 450000 | M56: =L56-H56 -> 0 | N56: confirmed | O56: 0.671 | P56: Hết tồn khả dụng | Q56: CẦN SỬA | R56: 1500007 | S56: Ngoại lệ kế toán: tối đa một đĩa hoa quả thập cẩm (nhỏ hoặc to) trên mỗi hóa đơn. | T56: 1500007 - HOA QUẢ THẬP CẨM (ĐĨA TO) (67.1) | 1500006 - HOA QUẢ THẬP CẨM (Đĩa nhỏ) (62.3) | 1500009 - Hoa quả thập cẩm (55.9)
A57: 53 | B57: KHANV1020 | C57: Khăn ướt in máy màng bạc V1020 | D57: Cái | E57: 33703 | F57: 1 | G57: 33703 | H57: 5000 | I57: 1000030 | J57: Khăn ướt V1020 | K57: Cái | L57: 5000 | M57: =L57-H57 -> 0 | N57: review | O57: 0.929 | P57: Ánh xạ chưa được xác nhận | Q57: CẦN SỬA | R57: 1000030 | T57: 1000030 - Khăn ướt V1020 (92.9) | 1000031 - Khăn ướt (80.9) | 1000014 - KHĂN LẠNH (66.2)

Sheet Kho_chuan_hoa
A1: KHO CHUẨN HÓA
A2: Tồn bán quy đổi là giới hạn tối đa dùng cho bài toán không âm kho.
A4: STT | B4: Mã kho | C4: Tên kho | D4: ĐVT | E4: Số lượng | F4: Quy đổi | G4: Tồn bán quy đổi | H4: Giá bán chốt | I4: Giá trị tồn theo giá bán | J4: Mã web hiện tại | K4: Trạng thái ánh xạ
A5: 1 | B5: BANHSNACK | C5: Bánh snack bắp 40g Vfoods | D5: Gói | E5: 20 | F5: 1 | G5: 20 | H5: 30000 | I5: =G5*H5 -> 600000 | J5: 1000047 | K5: review
A6: 2 | B6: TLTHANGLONGTH | C6: Thuốc lá điếu Thăng Long hộp thiếc | D6: Bao | E6: 20 | F6: 1 | G6: 20 | H6: 80000 | I6: =G6*H6 -> 1600000 | J6: 1400007 | K6: review
A7: 3 | B7: changacay80g | C7: Chân gà cay 80g | D7: Gói | E7: 22 | F7: 1 | G7: 22 | H7: 55000 | I7: =G7*H7 -> 1210000 | J7: 1000007 | K7: confirmed
A8: 4 | B8: DECUOI70 | C8: Hạt dẻ cười 70 gram | D8: Gói | E8: 47 | F8: 1 | G8: 47 | H8: 65000 | I8: =G8*H8 -> 3055000 | J8: 1000010 | K8: review
A9: 5 | B9: IONVIE500 | C9: Nước uống ion kiềm IONVie, 500ml * 20 chai | D9: Thùng | E9: 48.95 | F9: 20 | G9: 979 | H9: 25000 | I9: =G9*H9 -> 24475000 | J9: 1100029 | K9: review
A10: 6 | B10: XXPONNIE | C10: Xúc xích tiệt trùng Ponnie Thịt phô mai 4hộp x 12cây x 45gr | D10: Hộp | E10: 50 | F10: 12 | G10: 600 | H10: 15000 | I10: =G10*H10 -> 9000000 | J10: 1000029 | K10: confirmed
A11: 7 | B11: tratac | C11: Trà tắc mật ong (Nhãn hiệu Cozy) (Tết 320ml) | D11: Lon | E11: 57 | F11: 1 | G11: 57 | H11: 40000 | I11: =G11*H11 -> 2280000 | J11: 1100030 | K11: review
A12: 8 | B12: Hotdog Ponnie | C12: Hotdog Ponnie giòn ăn liền vị cay 4hộp x 20gói x 28gr | D12: Hộp | E12: 58.2 | F12: 20 | G12: 1164 | H12: 15000 | I12: =G12*H12 -> 17460000 | J12: 1000053 | K12: unmatched
A13: 9 | B13: TraWanglaoji | C13: Trà thảo mộc Wanglaoji 310ml/lon, 24 lon/ thùng | D13: Thùng | E13: 62.17 | F13: 24 | G13: 1492 | H13: 25000 | I13: =G13*H13 -> 37300000 | J13: 1100015 | K13: confirmed
A14: 10 | B14: LAVIE500TH | C14: Lavie 500ml | D14: Thùng | E14: 62.99 | F14: 24 | G14: 1511 | H14: 25000 | I14: =G14*H14 -> 37775000 | J14: 1100029 | K14: review
A15: 11 | B15: IONVIE350 | C15: Nước uống ion kiềm IONVie, 350ml * 24 chai | D15: Thùng | E15: 64.01 | F15: 24 | G15: 1536 | H15: 15000 | I15: =G15*H15 -> 23040000 | J15: 1100028 | K15: confirmed
A16: 12 | B16: TLBM | C16: Thăng Long B.M | D16: Bao | E16: 66 | F16: 1 | G16: 66 | H16: 50000 | I16: =G16*H16 -> 3300000 | J16: 1000019 | K16: unmatched
... A54: 50 | B54: BIASAIGONSL | C54: Bia chai Saigon Special 330ml | D54: Két | E54: 3848.13 | F54: 24 | G54: 92355 | H54: 30000 | I54: =G54*H54 -> 2770650000 | J54: 1100018 | K54: confirmed
A55: 51 | B55: TC | C55: Hoa quả thập cẩm | E55: 0 | F55: 1 | G55: 0 | H55: 350000 | I55: =G55*H55 -> 0 | J55: 1500006 | K55: confirmed
A56: 52 | B56: TCTO | C56: Hoa quả thập cẩm (to) | E56: 0 | F56: 1 | G56: 0 | H56: 450000 | I56: =G56*H56 -> 0 | J56: 1500007 | K56: confirmed
A57: 53 | B57: KHANV1020 | C57: Khăn ướt in máy màng bạc V1020 | D57: Cái | E57: 33703 | F57: 1 | G57: 33703 | H57: 5000 | I57: =G57*H57 -> 168515000 | J57: 1000030 | K57: review

Sheet Danh_muc_Web
A1: DANH MỤC WEB CHUẨN HÓA
A2: Danh mục web chỉ cung cấp định danh, tên, đơn vị và giá; không quyết định tồn bán.
A4: STT | B4: Mã web | C4: Tên hàng web | D4: ĐVT web | E4: Giá web | F4: Loại | G4: Nhóm | H4: Số dòng kho đang ánh xạ
A5: 1 | B5: 1000001 | C5: BANH QUE | D5: gói | E5: 40000 | F5: Mặt hàng kiêm vật tư | G5: DOKHO | H5: =COUNTIF('Anh_xa_Kho_Web'!$I$5:$I$57,B5) -> 0
A6: 2 | B6: 1000002 | C6: BÁNH SINH NHẬT | D6: Cái | E6: 350000 | F6: Mặt hàng kiêm vật tư | G6: DOKHO | H6: =COUNTIF('Anh_xa_Kho_Web'!$I$5:$I$57,B6) -> 0
A7: 3 | B7: 1000003 | C7: BÁNH TRÁNG | D7: gói | E7: 45000 | F7: Mặt hàng kiêm vật tư | G7: DOKHO | H7: =COUNTIF('Anh_xa_Kho_Web'!$I$5:$I$57,B7) -> 0
A8: 4 | B8: 1000004 | C8: BÒ KHÔ MIẾNG | D8: gói | E8: 90000 | F8: Mặt hàng kiêm vật tư | G8: DOKHO | H8: =COUNTIF('Anh_xa_Kho_Web'!$I$5:$I$57,B8) -> 1
A9: 5 | B9: 1000005 | C9: CÂU TRUNG QUÔC | D9: gói | E9: 450000 | F9: Mặt hàng kiêm vật tư | G9: DOKHO | H9: =COUNTIF('Anh_xa_Kho_Web'!$I$5:$I$57,B9) -> 0
A10: 6 | B10: 1000006 | C10: CHÂN - CÁNH VỊT | D10: Cái | E10: 30000 | F10: Mặt hàng kiêm vật tư | G10: DOKHO | H10: =COUNTIF('Anh_xa_Kho_Web'!$I$5:$I$57,B10) -> 0
A11: 7 | B11: 1000007 | C11: CHÂN GÀ - CAY | D11: gói | E11: 55000 | F11: Mặt hàng kiêm vật tư | G11: DOKHO | H11: =COUNTIF('Anh_xa_Kho_Web'!$I$5:$I$57,B11) -> 1
A12: 8 | B12: 1000008 | C12: DA HEO | D12: gói | E12: 50000 | F12: Mặt hàng kiêm vật tư | G12: DOKHO | H12: =COUNTIF('Anh_xa_Kho_Web'!$I$5:$I$57,B12) -> 0
A13: 9 | B13: 1000009 | C13: ĐẬU PHỘNG | D13: gói | E13: 30000 | F13: Mặt hàng kiêm vật tư | G13: DOKHO | H13: =COUNTIF('Anh_xa_Kho_Web'!$I$5:$I$57,B13) -> 0
A14: 10 | B14: 1000010 | C14: HẠT DẺ | D14: gói | E14: 65000 | F14: Mặt hàng kiêm vật tư | G14: DOKHO | H14: =COUNTIF('Anh_xa_Kho_Web'!$I$5:$I$57,B14) -> 4
A15: 11 | B15: 1000011 | C15: HẠT ĐIỀU | D15: gói | E15: 65000 | F15: Mặt hàng kiêm vật tư | G15: DOKHO | H15: =COUNTIF('Anh_xa_Kho_Web'!$I$5:$I$57,B15) -> 0
A16: 12 | B16: 1000012 | C16: HEO NƯỚNG | D16: gói | E16: 60000 | F16: Mặt hàng kiêm vật tư | G16: DOKHO | H16: =COUNTIF('Anh_xa_Kho_Web'!$I$5:$I$57,B16) -> 0
... A138: 134 | B138: 1500009 | C138: Hoa quả thập cẩm | D138: đĩa | E138: 250000 | F138: Mặt hàng kiêm vật tư | G138: HOAQUA | H138: =COUNTIF('Anh_xa_Kho_Web'!$I$5:$I$57,B138) -> 0
A139: 135 | B139: 1600001 | C139: NƯỚC CAM NGUYÊN CHẤT | D139: ly | E139: 70000 | G139: DOPHACHE | H139: =COUNTIF('Anh_xa_Kho_Web'!$I$5:$I$57,B139) -> 0
A140: 136 | B140: 1600002 | C140: NƯỚC CAM ĐÁ | D140: ly | E140: 50000 | G140: DOPHACHE | H140: =COUNTIF('Anh_xa_Kho_Web'!$I$5:$I$57,B140) -> 0
A141: 137 | B141: 1600003 | C141: NƯỚC CHANH MUỐI | D141: ly | E141: 45000 | G141: DOPHACHE | H141: =COUNTIF('Anh_xa_Kho_Web'!$I$5:$I$57,B141) -> 0
A142: 138 | B142: 1600004 | C142: NƯỚC CHANH TƯƠI | D142: ly | E142: 45000 | G142: DOPHACHE | H142: =COUNTIF('Anh_xa_Kho_Web'!$I$5:$I$57,B142) -> 0
A143: 139 | B143: 1600005 | C143: NƯỚC DƯA HẤU | D143: ly | E143: 50000 | F143: Mặt hàng kiêm vật tư | G143: DOPHACHE | H143: =COUNTIF('Anh_xa_Kho_Web'!$I$5:$I$57,B143) -> 0
A144: 140 | B144: 1600006 | C144: NƯỚC ÉP DỨA | D144: ly | E144: 65000 | F144: Mặt hàng kiêm vật tư | G144: DOPHACHE | H144: =COUNTIF('Anh_xa_Kho_Web'!$I$5:$I$57,B144) -> 0
A145: 141 | B145: 1600007 | C145: NƯỚC ÉP ỔII | D145: ly | E145: 65000 | F145: Mặt hàng kiêm vật tư | G145: DOPHACHE | H145: =COUNTIF('Anh_xa_Kho_Web'!$I$5:$I$57,B145) -> 0
A146: 142 | B146: 1600008 | C146: SINH TỐ XOÀI | D146: ly | E146: 80000 | F146: Mặt hàng kiêm vật tư | G146: DOPHACHE | H146: =COUNTIF('Anh_xa_Kho_Web'!$I$5:$I$57,B146) -> 0
A147: 143 | B147: 1600009 | C147: TRÀ GỪNG | D147: ly | E147: 50000 | F147: Mặt hàng kiêm vật tư | G147: DOPHACHE | H147: =COUNTIF('Anh_xa_Kho_Web'!$I$5:$I$57,B147) -> 0

Sheet Can_xu_ly
A1: DANH SÁCH CẦN XỬ LÝ
A2: Ưu tiên xử lý dòng NGHIÊM TRỌNG trước; không đưa dòng chưa xác nhận vào bộ giải hóa đơn.
A4: STT | B4: Mức độ | C4: Mã kho | D4: Tên kho | E4: Tồn bán | F4: Giá kho | G4: Mã web | H4: Tên web | I4: Giá web | J4: Trạng thái | K4: Vấn đề | L4: Hành động đề xuất
A5: 1 | B5: CẦN DUYỆT | C5: BANHSNACK | D5: Bánh snack bắp 40g Vfoods | E5: 20 | F5: 30000 | G5: 1000047 | H5: Bánh snack bắp 40g Vfoods | I5: 60000 | J5: review | K5: Ánh xạ chưa được xác nhận; Giá kho và giá web khác nhau | L5: Đối chiếu tên/đơn vị/giá rồi xác nhận hoặc chọn lại
A6: 2 | B6: CẦN DUYỆT | C6: TLTHANGLONGTH | D6: Thuốc lá điếu Thăng Long hộp thiếc | E6: 20 | F6: 80000 | G6: 1400007 | H6: THUỐC LÁ 555 | I6: 80000 | J6: review | K6: Ánh xạ chưa được xác nhận; Mã web đang được 6 dòng kho cùng sử dụng | L6: Đối chiếu tên/đơn vị/giá rồi xác nhận hoặc chọn lại
A7: 3 | B7: CẦN DUYỆT | C7: DECUOI70 | D7: Hạt dẻ cười 70 gram | E7: 47 | F7: 65000 | G7: 1000010 | H7: HẠT DẺ | I7: 65000 | J7: review | K7: Ánh xạ chưa được xác nhận; Mã web đang được 4 dòng kho cùng sử dụng | L7: Đối chiếu tên/đơn vị/giá rồi xác nhận hoặc chọn lại
A8: 4 | B8: CẦN DUYỆT | C8: IONVIE500 | D8: Nước uống ion kiềm IONVie, 500ml * 20 chai | E8: 979 | F8: 25000 | G8: 1100029 | H8: Nước uống ion kiềm IONVie, 500ml | I8: 25000 | J8: review | K8: Ánh xạ chưa được xác nhận; Mã web đang được 2 dòng kho cùng sử dụng | L8: Đối chiếu tên/đơn vị/giá rồi xác nhận hoặc chọn lại
A9: 5 | B9: CẦN DUYỆT | C9: tratac | D9: Trà tắc mật ong (Nhãn hiệu Cozy) (Tết 320ml) | E9: 57 | F9: 40000 | G9: 1100030 | H9: Trà đào sả (Nhãn hiệu Cozy) (320ml) | I9: 40000 | J9: review | K9: Ánh xạ chưa được xác nhận | L9: Đối chiếu tên/đơn vị/giá rồi xác nhận hoặc chọn lại
A10: 6 | B10: NGHIÊM TRỌNG | C10: Hotdog Ponnie | D10: Hotdog Ponnie giòn ăn liền vị cay 4hộp x 20gói x 28gr | E10: 1164 | F10: 15000 | G10: 1000053 | H10: Lay's Wavy vi Pho Mai Cheddar 28g 16x10 | I10: 15000 | J10: unmatched | K10: Ánh xạ chưa được xác nhận; Mã web đang được 2 dòng kho cùng sử dụng | L10: Không cho phép bán; chọn lại mã web đúng
A11: 7 | B11: CẦN DUYỆT | C11: LAVIE500TH | D11: Lavie 500ml | E11: 1511 | F11: 25000 | G11: 1100029 | H11: Nước uống ion kiềm IONVie, 500ml | I11: 25000 | J11: review | K11: Ánh xạ chưa được xác nhận; Mã web đang được 2 dòng kho cùng sử dụng | L11: Đối chiếu tên/đơn vị/giá rồi xác nhận hoặc chọn lại
A12: 8 | B12: NGHIÊM TRỌNG | C12: TLBM | D12: Thăng Long B.M | E12: 66 | F12: 50000 | G12: 1000019 | H12: RONG BIỂN 1 | I12: 50000 | J12: unmatched | K12: Ánh xạ chưa được xác nhận; Mã web đang được 2 dòng kho cùng sử dụng | L12: Không cho phép bán; chọn lại mã web đúng
A13: 9 | B13: CẦN DUYỆT | C13: DECUOI60 | D13: Hạt dẻ cười 60 gram | E13: 74 | F13: 65000 | G13: 1000010 | H13: HẠT DẺ | I13: 65000 | J13: review | K13: Ánh xạ chưa được xác nhận; Mã web đang được 4 dòng kho cùng sử dụng | L13: Đối chiếu tên/đơn vị/giá rồi xác nhận hoặc chọn lại
A14: 10 | B14: CẦN DUYỆT | C14: TLĐCCC | D14: Thuốc lá điếu đầu lọc Camel Compact Caster | E14: 78 | F14: 60000 | G14: 1400007 | H14: THUỐC LÁ 555 | I14: 80000 | J14: review | K14: Ánh xạ chưa được xác nhận; Giá kho và giá web khác nhau; Mã web đang được 6 dòng kho cùng sử dụng | L14: Đối chiếu tên/đơn vị/giá rồi xác nhận hoặc chọn lại
A15: 11 | B15: CẦN DUYỆT | C15: TL555SB | D15: Thuốc lá 555 Signature Blue | E15: 87 | F15: 80000 | G15: 1400007 | H15: THUỐC LÁ 555 | I15: 80000 | J15: review | K15: Ánh xạ chưa được xác nhận; Mã web đang được 6 dòng kho cùng sử dụng | L15: Đối chiếu tên/đơn vị/giá rồi xác nhận hoặc chọn lại
A16: 12 | B16: CẦN DUYỆT | C16: TLDSLIM | D16: Thuốc lá điếu Thăng long Slim | E16: 90 | F16: 50000 | G16: 1400007 | H16: THUỐC LÁ 555 | I16: 80000 | J16: review | K16: Ánh xạ chưa được xác nhận; Giá kho và giá web khác nhau; Mã web đang được 6 dòng kho cùng sử dụng | L16: Đối chiếu tên/đơn vị/giá rồi xác nhận hoặc chọn lại
... A35: 31 | B35: CẦN DUYỆT | C35: KHANV1020 | D35: Khăn ướt in máy màng bạc V1020 | E35: 33703 | F35: 5000 | G35: 1000030 | H35: Khăn ướt V1020 | I35: 5000 | J35: review | K35: Ánh xạ chưa được xác nhận | L35: Đối chiếu tên/đơn vị/giá rồi xác nhận hoặc chọn lại

Sheet Huong_dan
A1: HƯỚNG DẪN KIỂM SOÁT DỮ LIỆU
A2: Mục tiêu: kho quyết định mặt hàng và số lượng; web chỉ cung cấp mã/tên/đơn vị/giá để lập hóa đơn.
A4: Bước | B4: Thực hiện | C4: Điều kiện đạt
A5: 1 | B5: Cập nhật KhoT5.xlsx và data.xlsx mới nhất. | C5: Không thiếu cột mã, tên, đơn vị, số lượng/quy đổi và giá.
A6: 2 | B6: Mở sheet Cần_xử_lý, lọc NGHIÊM TRỌNG rồi CẦN DUYỆT. | C6: Không còn dòng unmatched hoặc thiếu mã web.
A7: 3 | B7: Đối chiếu từng dòng tại Ánh_xạ_Kho_Web. | C7: Tên/ĐVT/giá hợp lý; mã web tồn tại trong Danh_mục_Web.
A8: 4 | B8: Chọn Quyết định kiểm soát và ghi chú kế toán. | C8: Chỉ GIỮ NGUYÊN với dòng đủ điều kiện; dòng sai phải CẦN SỬA hoặc LOẠI KHỎI BÁN.
A9: 5 | B9: Nhập dữ liệu đã duyệt vào extension. | C9: Extension chỉ dùng confirmed + tồn dương + mã/giá web hợp lệ.
A11: Quy tắc bắt buộc
A12: • Không dùng hàng chỉ có trên web nhưng không còn trong kho. • Không lấy hàng cũ trên hóa đơn làm nguồn tồn. • Một mã kho phải có quyết định kiểm soát rõ ràng. • Mặt hàng hoa quả TC/TCTO là tồn theo từng hóa đơn, mỗi hóa đơn tối đa một đĩa theo rule đã cấu hình. • Không dùng giảm giá để khớp tổng tiền.
